"U.S..Funding.Sources","Agency","Total","year","Amount"
"Train and Equip (T&E)","DOD",440,2002-01-01,0
"Train and Equip (T&E)","DOD",440,2003-01-01,0
"Train and Equip (T&E)","DOD",440,2004-01-01,150
"Train and Equip (T&E)","DOD",440,2005-01-01,290
"Train and Equip (T&E)","DOD",440,2006-01-01,0
"Train and Equip (T&E)","DOD",440,2007-01-01,0
"Train and Equip (T&E)","DOD",440,2008-01-01,0
"Train and Equip (T&E)","DOD",440,2009-01-01,0
"Train and Equip (T&E)","DOD",440,2010-01-01,0
"Train and Equip (T&E)","DOD",440,2011-01-01,0
"Train and Equip (T&E)","DOD",440,2012-01-01,0
"Train and Equip (T&E)","DOD",440,2013-01-01,0
"Train and Equip (T&E)","DOD",440,2014-01-01,0
"Train and Equip (T&E)","DOD",440,2015-01-01,0
"Train and Equip (T&E)","DOD",440,2016-01-01,0
"Train and Equip (T&E)","DOD",440,2017-01-01,0
"Train and Equip (T&E)","DOD",440,2018-01-01,0
"Train and Equip (T&E)","DOD",440,2019-01-01,0
"Train and Equip (T&E)","DOD",440,2020-01-01,0
"Train and Equip (T&E)","DOD",440,2021-01-01,0
"Train and Equip (T&E)","DOD",440,2022-01-01,0
"Train and Equip (T&E)","DOD",440,2023-01-01,0
"Train and Equip (T&E)","DOD",440,2024-01-01,0
"Foreign Military Financing (FMF)","State",NA,2002-01-01,57.26
"Foreign Military Financing (FMF)","State",NA,2003-01-01,191
"Foreign Military Financing (FMF)","State",NA,2004-01-01,414.08
"Foreign Military Financing (FMF)","State",NA,2005-01-01,396.8
"Foreign Military Financing (FMF)","State",NA,2006-01-01,0
"Foreign Military Financing (FMF)","State",NA,2007-01-01,0
"Foreign Military Financing (FMF)","State",NA,2008-01-01,0
"Foreign Military Financing (FMF)","State",NA,2009-01-01,0
"Foreign Military Financing (FMF)","State",NA,2010-01-01,0
"Foreign Military Financing (FMF)","State",NA,2011-01-01,0
"Foreign Military Financing (FMF)","State",NA,2012-01-01,0
"Foreign Military Financing (FMF)","State",NA,2013-01-01,0
"Foreign Military Financing (FMF)","State",NA,2014-01-01,0
"Foreign Military Financing (FMF)","State",NA,2015-01-01,0
"Foreign Military Financing (FMF)","State",NA,2016-01-01,0
"Foreign Military Financing (FMF)","State",NA,2017-01-01,0
"Foreign Military Financing (FMF)","State",NA,2018-01-01,0
"Foreign Military Financing (FMF)","State",NA,2019-01-01,0
"Foreign Military Financing (FMF)","State",NA,2020-01-01,0
"Foreign Military Financing (FMF)","State",NA,2021-01-01,0
"Foreign Military Financing (FMF)","State",NA,2022-01-01,0
"Foreign Military Financing (FMF)","State",NA,2023-01-01,0
"Foreign Military Financing (FMF)","State",NA,2024-01-01,0
"International Military Education and Training (IMET)","State",20.37,2002-01-01,0.18
"International Military Education and Training (IMET)","State",20.37,2003-01-01,0.39
"International Military Education and Training (IMET)","State",20.37,2004-01-01,0.67
"International Military Education and Training (IMET)","State",20.37,2005-01-01,0.95
"International Military Education and Training (IMET)","State",20.37,2006-01-01,0.98
"International Military Education and Training (IMET)","State",20.37,2007-01-01,1.19
"International Military Education and Training (IMET)","State",20.37,2008-01-01,1.66
"International Military Education and Training (IMET)","State",20.37,2009-01-01,1.4
"International Military Education and Training (IMET)","State",20.37,2010-01-01,1.76
"International Military Education and Training (IMET)","State",20.37,2011-01-01,1.56
"International Military Education and Training (IMET)","State",20.37,2012-01-01,1.18
"International Military Education and Training (IMET)","State",20.37,2013-01-01,1.42
"International Military Education and Training (IMET)","State",20.37,2014-01-01,1.5
"International Military Education and Training (IMET)","State",20.37,2015-01-01,1.05
"International Military Education and Training (IMET)","State",20.37,2016-01-01,0.86
"International Military Education and Training (IMET)","State",20.37,2017-01-01,0.8
"International Military Education and Training (IMET)","State",20.37,2018-01-01,0.8
"International Military Education and Training (IMET)","State",20.37,2019-01-01,0.43
"International Military Education and Training (IMET)","State",20.37,2020-01-01,0.8
"International Military Education and Training (IMET)","State",20.37,2021-01-01,0.8
"International Military Education and Training (IMET)","State",20.37,2022-01-01,0
"International Military Education and Training (IMET)","State",20.37,2023-01-01,0
"International Military Education and Training (IMET)","State",20.37,2024-01-01,0
"Voluntary Peacekeeping (PKO)","State",69.33,2002-01-01,23.93
"Voluntary Peacekeeping (PKO)","State",69.33,2003-01-01,9.9
"Voluntary Peacekeeping (PKO)","State",69.33,2004-01-01,20
"Voluntary Peacekeeping (PKO)","State",69.33,2005-01-01,15.5
"Voluntary Peacekeeping (PKO)","State",69.33,2006-01-01,0
"Voluntary Peacekeeping (PKO)","State",69.33,2007-01-01,0
"Voluntary Peacekeeping (PKO)","State",69.33,2008-01-01,0
"Voluntary Peacekeeping (PKO)","State",69.33,2009-01-01,0
"Voluntary Peacekeeping (PKO)","State",69.33,2010-01-01,0
"Voluntary Peacekeeping (PKO)","State",69.33,2011-01-01,0
"Voluntary Peacekeeping (PKO)","State",69.33,2012-01-01,0
"Voluntary Peacekeeping (PKO)","State",69.33,2013-01-01,0
"Voluntary Peacekeeping (PKO)","State",69.33,2014-01-01,0
"Voluntary Peacekeeping (PKO)","State",69.33,2015-01-01,0
"Voluntary Peacekeeping (PKO)","State",69.33,2016-01-01,0
"Voluntary Peacekeeping (PKO)","State",69.33,2017-01-01,0
"Voluntary Peacekeeping (PKO)","State",69.33,2018-01-01,0
"Voluntary Peacekeeping (PKO)","State",69.33,2019-01-01,0
"Voluntary Peacekeeping (PKO)","State",69.33,2020-01-01,0
"Voluntary Peacekeeping (PKO)","State",69.33,2021-01-01,0
"Voluntary Peacekeeping (PKO)","State",69.33,2022-01-01,0
"Voluntary Peacekeeping (PKO)","State",69.33,2023-01-01,0
"Voluntary Peacekeeping (PKO)","State",69.33,2024-01-01,0
"Afghanistan Freedom Support Act (AFSA)","DOD",550,2002-01-01,0
"Afghanistan Freedom Support Act (AFSA)","DOD",550,2003-01-01,300
"Afghanistan Freedom Support Act (AFSA)","DOD",550,2004-01-01,150
"Afghanistan Freedom Support Act (AFSA)","DOD",550,2005-01-01,100
"Afghanistan Freedom Support Act (AFSA)","DOD",550,2006-01-01,0
"Afghanistan Freedom Support Act (AFSA)","DOD",550,2007-01-01,0
"Afghanistan Freedom Support Act (AFSA)","DOD",550,2008-01-01,0
"Afghanistan Freedom Support Act (AFSA)","DOD",550,2009-01-01,0
"Afghanistan Freedom Support Act (AFSA)","DOD",550,2010-01-01,0
"Afghanistan Freedom Support Act (AFSA)","DOD",550,2011-01-01,0
"Afghanistan Freedom Support Act (AFSA)","DOD",550,2012-01-01,0
"Afghanistan Freedom Support Act (AFSA)","DOD",550,2013-01-01,0
"Afghanistan Freedom Support Act (AFSA)","DOD",550,2014-01-01,0
"Afghanistan Freedom Support Act (AFSA)","DOD",550,2015-01-01,0
"Afghanistan Freedom Support Act (AFSA)","DOD",550,2016-01-01,0
"Afghanistan Freedom Support Act (AFSA)","DOD",550,2017-01-01,0
"Afghanistan Freedom Support Act (AFSA)","DOD",550,2018-01-01,0
"Afghanistan Freedom Support Act (AFSA)","DOD",550,2019-01-01,0
"Afghanistan Freedom Support Act (AFSA)","DOD",550,2020-01-01,0
"Afghanistan Freedom Support Act (AFSA)","DOD",550,2021-01-01,0
"Afghanistan Freedom Support Act (AFSA)","DOD",550,2022-01-01,0
"Afghanistan Freedom Support Act (AFSA)","DOD",550,2023-01-01,0
"Afghanistan Freedom Support Act (AFSA)","DOD",550,2024-01-01,0
"Drug Interdiction and Counter-Drug Activities (DICDA)","DOD",NA,2002-01-01,0
"Drug Interdiction and Counter-Drug Activities (DICDA)","DOD",NA,2003-01-01,0
"Drug Interdiction and Counter-Drug Activities (DICDA)","DOD",NA,2004-01-01,71.8
"Drug Interdiction and Counter-Drug Activities (DICDA)","DOD",NA,2005-01-01,224.54
"Drug Interdiction and Counter-Drug Activities (DICDA)","DOD",NA,2006-01-01,108.05
"Drug Interdiction and Counter-Drug Activities (DICDA)","DOD",NA,2007-01-01,290.97
"Drug Interdiction and Counter-Drug Activities (DICDA)","DOD",NA,2008-01-01,192.81
"Drug Interdiction and Counter-Drug Activities (DICDA)","DOD",NA,2009-01-01,230.06
"Drug Interdiction and Counter-Drug Activities (DICDA)","DOD",NA,2010-01-01,392.27
"Drug Interdiction and Counter-Drug Activities (DICDA)","DOD",NA,2011-01-01,379.83
"Drug Interdiction and Counter-Drug Activities (DICDA)","DOD",NA,2012-01-01,472.99
"Drug Interdiction and Counter-Drug Activities (DICDA)","DOD",NA,2013-01-01,255.81
"Drug Interdiction and Counter-Drug Activities (DICDA)","DOD",NA,2014-01-01,238.96
"Drug Interdiction and Counter-Drug Activities (DICDA)","DOD",NA,2015-01-01,0
"Drug Interdiction and Counter-Drug Activities (DICDA)","DOD",NA,2016-01-01,138.76
"Drug Interdiction and Counter-Drug Activities (DICDA)","DOD",NA,2017-01-01,135.61
"Drug Interdiction and Counter-Drug Activities (DICDA)","DOD",NA,2018-01-01,118.01
"Drug Interdiction and Counter-Drug Activities (DICDA)","DOD",NA,2019-01-01,10.18
"Drug Interdiction and Counter-Drug Activities (DICDA)","DOD",NA,2020-01-01,24.3
"Drug Interdiction and Counter-Drug Activities (DICDA)","DOD",NA,2021-01-01,0
"Drug Interdiction and Counter-Drug Activities (DICDA)","DOD",NA,2022-01-01,0
"Drug Interdiction and Counter-Drug Activities (DICDA)","DOD",NA,2023-01-01,0
"Drug Interdiction and Counter-Drug Activities (DICDA)","DOD",NA,2024-01-01,0
"NATO Resolute Support Mission (RSM)","DOD",380.98,2002-01-01,0
"NATO Resolute Support Mission (RSM)","DOD",380.98,2003-01-01,0
"NATO Resolute Support Mission (RSM)","DOD",380.98,2004-01-01,0
"NATO Resolute Support Mission (RSM)","DOD",380.98,2005-01-01,0
"NATO Resolute Support Mission (RSM)","DOD",380.98,2006-01-01,0
"NATO Resolute Support Mission (RSM)","DOD",380.98,2007-01-01,0
"NATO Resolute Support Mission (RSM)","DOD",380.98,2008-01-01,0
"NATO Resolute Support Mission (RSM)","DOD",380.98,2009-01-01,0
"NATO Resolute Support Mission (RSM)","DOD",380.98,2010-01-01,0
"NATO Resolute Support Mission (RSM)","DOD",380.98,2011-01-01,0
"NATO Resolute Support Mission (RSM)","DOD",380.98,2012-01-01,0
"NATO Resolute Support Mission (RSM)","DOD",380.98,2013-01-01,0
"NATO Resolute Support Mission (RSM)","DOD",380.98,2014-01-01,0
"NATO Resolute Support Mission (RSM)","DOD",380.98,2015-01-01,63.82
"NATO Resolute Support Mission (RSM)","DOD",380.98,2016-01-01,43.05
"NATO Resolute Support Mission (RSM)","DOD",380.98,2017-01-01,57.19
"NATO Resolute Support Mission (RSM)","DOD",380.98,2018-01-01,58.78
"NATO Resolute Support Mission (RSM)","DOD",380.98,2019-01-01,59.02
"NATO Resolute Support Mission (RSM)","DOD",380.98,2020-01-01,60.79
"NATO Resolute Support Mission (RSM)","DOD",380.98,2021-01-01,38.33
"NATO Resolute Support Mission (RSM)","DOD",380.98,2022-01-01,0
"NATO Resolute Support Mission (RSM)","DOD",380.98,2023-01-01,0
"NATO Resolute Support Mission (RSM)","DOD",380.98,2024-01-01,0
"Military Base and Equipment Transfers (FERP, FEPP, EDA & ACSA)","DOD",NA,2002-01-01,0
"Military Base and Equipment Transfers (FERP, FEPP, EDA & ACSA)","DOD",NA,2003-01-01,0
"Military Base and Equipment Transfers (FERP, FEPP, EDA & ACSA)","DOD",NA,2004-01-01,0
"Military Base and Equipment Transfers (FERP, FEPP, EDA & ACSA)","DOD",NA,2005-01-01,0
"Military Base and Equipment Transfers (FERP, FEPP, EDA & ACSA)","DOD",NA,2006-01-01,0
"Military Base and Equipment Transfers (FERP, FEPP, EDA & ACSA)","DOD",NA,2007-01-01,0
"Military Base and Equipment Transfers (FERP, FEPP, EDA & ACSA)","DOD",NA,2008-01-01,0
"Military Base and Equipment Transfers (FERP, FEPP, EDA & ACSA)","DOD",NA,2009-01-01,0
"Military Base and Equipment Transfers (FERP, FEPP, EDA & ACSA)","DOD",NA,2010-01-01,10.24
"Military Base and Equipment Transfers (FERP, FEPP, EDA & ACSA)","DOD",NA,2011-01-01,33.41
"Military Base and Equipment Transfers (FERP, FEPP, EDA & ACSA)","DOD",NA,2012-01-01,43.49
"Military Base and Equipment Transfers (FERP, FEPP, EDA & ACSA)","DOD",NA,2013-01-01,85.03
"Military Base and Equipment Transfers (FERP, FEPP, EDA & ACSA)","DOD",NA,2014-01-01,172.05
"Military Base and Equipment Transfers (FERP, FEPP, EDA & ACSA)","DOD",NA,2015-01-01,584.02
"Military Base and Equipment Transfers (FERP, FEPP, EDA & ACSA)","DOD",NA,2016-01-01,3.89
"Military Base and Equipment Transfers (FERP, FEPP, EDA & ACSA)","DOD",NA,2017-01-01,0.53
"Military Base and Equipment Transfers (FERP, FEPP, EDA & ACSA)","DOD",NA,2018-01-01,0
"Military Base and Equipment Transfers (FERP, FEPP, EDA & ACSA)","DOD",NA,2019-01-01,34.78
"Military Base and Equipment Transfers (FERP, FEPP, EDA & ACSA)","DOD",NA,2020-01-01,73.13
"Military Base and Equipment Transfers (FERP, FEPP, EDA & ACSA)","DOD",NA,2021-01-01,NA
"Military Base and Equipment Transfers (FERP, FEPP, EDA & ACSA)","DOD",NA,2022-01-01,0
"Military Base and Equipment Transfers (FERP, FEPP, EDA & ACSA)","DOD",NA,2023-01-01,0
"Military Base and Equipment Transfers (FERP, FEPP, EDA & ACSA)","DOD",NA,2024-01-01,0
"Commanders’ Emergency Response Program (CERP)","DOD",NA,2002-01-01,0
"Commanders’ Emergency Response Program (CERP)","DOD",NA,2003-01-01,0
"Commanders’ Emergency Response Program (CERP)","DOD",NA,2004-01-01,40
"Commanders’ Emergency Response Program (CERP)","DOD",NA,2005-01-01,136
"Commanders’ Emergency Response Program (CERP)","DOD",NA,2006-01-01,215
"Commanders’ Emergency Response Program (CERP)","DOD",NA,2007-01-01,209
"Commanders’ Emergency Response Program (CERP)","DOD",NA,2008-01-01,488.33
"Commanders’ Emergency Response Program (CERP)","DOD",NA,2009-01-01,550.67
"Commanders’ Emergency Response Program (CERP)","DOD",NA,2010-01-01,NA
"Commanders’ Emergency Response Program (CERP)","DOD",NA,2011-01-01,400
"Commanders’ Emergency Response Program (CERP)","DOD",NA,2012-01-01,400
"Commanders’ Emergency Response Program (CERP)","DOD",NA,2013-01-01,200
"Commanders’ Emergency Response Program (CERP)","DOD",NA,2014-01-01,30
"Commanders’ Emergency Response Program (CERP)","DOD",NA,2015-01-01,10
"Commanders’ Emergency Response Program (CERP)","DOD",NA,2016-01-01,5
"Commanders’ Emergency Response Program (CERP)","DOD",NA,2017-01-01,5
"Commanders’ Emergency Response Program (CERP)","DOD",NA,2018-01-01,5
"Commanders’ Emergency Response Program (CERP)","DOD",NA,2019-01-01,10
"Commanders’ Emergency Response Program (CERP)","DOD",NA,2020-01-01,5
"Commanders’ Emergency Response Program (CERP)","DOD",NA,2021-01-01,2
"Commanders’ Emergency Response Program (CERP)","DOD",NA,2022-01-01,0
"Commanders’ Emergency Response Program (CERP)","DOD",NA,2023-01-01,0
"Commanders’ Emergency Response Program (CERP)","DOD",NA,2024-01-01,0
"Afghanistan Infrastructure Fund (AIF)","DOD",988.5,2002-01-01,0
"Afghanistan Infrastructure Fund (AIF)","DOD",988.5,2003-01-01,0
"Afghanistan Infrastructure Fund (AIF)","DOD",988.5,2004-01-01,0
"Afghanistan Infrastructure Fund (AIF)","DOD",988.5,2005-01-01,0
"Afghanistan Infrastructure Fund (AIF)","DOD",988.5,2006-01-01,0
"Afghanistan Infrastructure Fund (AIF)","DOD",988.5,2007-01-01,0
"Afghanistan Infrastructure Fund (AIF)","DOD",988.5,2008-01-01,0
"Afghanistan Infrastructure Fund (AIF)","DOD",988.5,2009-01-01,0
"Afghanistan Infrastructure Fund (AIF)","DOD",988.5,2010-01-01,0
"Afghanistan Infrastructure Fund (AIF)","DOD",988.5,2011-01-01,299
"Afghanistan Infrastructure Fund (AIF)","DOD",988.5,2012-01-01,400
"Afghanistan Infrastructure Fund (AIF)","DOD",988.5,2013-01-01,145.5
"Afghanistan Infrastructure Fund (AIF)","DOD",988.5,2014-01-01,144
"Afghanistan Infrastructure Fund (AIF)","DOD",988.5,2015-01-01,0
"Afghanistan Infrastructure Fund (AIF)","DOD",988.5,2016-01-01,0
"Afghanistan Infrastructure Fund (AIF)","DOD",988.5,2017-01-01,0
"Afghanistan Infrastructure Fund (AIF)","DOD",988.5,2018-01-01,0
"Afghanistan Infrastructure Fund (AIF)","DOD",988.5,2019-01-01,0
"Afghanistan Infrastructure Fund (AIF)","DOD",988.5,2020-01-01,0
"Afghanistan Infrastructure Fund (AIF)","DOD",988.5,2021-01-01,0
"Afghanistan Infrastructure Fund (AIF)","DOD",988.5,2022-01-01,0
"Afghanistan Infrastructure Fund (AIF)","DOD",988.5,2023-01-01,0
"Afghanistan Infrastructure Fund (AIF)","DOD",988.5,2024-01-01,0
"Task Force for Business and Stability Operations (TFBSO)","DOD",822.85,2002-01-01,0
"Task Force for Business and Stability Operations (TFBSO)","DOD",822.85,2003-01-01,0
"Task Force for Business and Stability Operations (TFBSO)","DOD",822.85,2004-01-01,0
"Task Force for Business and Stability Operations (TFBSO)","DOD",822.85,2005-01-01,0
"Task Force for Business and Stability Operations (TFBSO)","DOD",822.85,2006-01-01,0
"Task Force for Business and Stability Operations (TFBSO)","DOD",822.85,2007-01-01,0
"Task Force for Business and Stability Operations (TFBSO)","DOD",822.85,2008-01-01,0
"Task Force for Business and Stability Operations (TFBSO)","DOD",822.85,2009-01-01,14.44
"Task Force for Business and Stability Operations (TFBSO)","DOD",822.85,2010-01-01,59.26
"Task Force for Business and Stability Operations (TFBSO)","DOD",822.85,2011-01-01,239.24
"Task Force for Business and Stability Operations (TFBSO)","DOD",822.85,2012-01-01,245.76
"Task Force for Business and Stability Operations (TFBSO)","DOD",822.85,2013-01-01,138.2
"Task Force for Business and Stability Operations (TFBSO)","DOD",822.85,2014-01-01,122.24
"Task Force for Business and Stability Operations (TFBSO)","DOD",822.85,2015-01-01,3.72
"Task Force for Business and Stability Operations (TFBSO)","DOD",822.85,2016-01-01,0
"Task Force for Business and Stability Operations (TFBSO)","DOD",822.85,2017-01-01,0
"Task Force for Business and Stability Operations (TFBSO)","DOD",822.85,2018-01-01,0
"Task Force for Business and Stability Operations (TFBSO)","DOD",822.85,2019-01-01,0
"Task Force for Business and Stability Operations (TFBSO)","DOD",822.85,2020-01-01,0
"Task Force for Business and Stability Operations (TFBSO)","DOD",822.85,2021-01-01,0
"Task Force for Business and Stability Operations (TFBSO)","DOD",822.85,2022-01-01,0
"Task Force for Business and Stability Operations (TFBSO)","DOD",822.85,2023-01-01,0
"Task Force for Business and Stability Operations (TFBSO)","DOD",822.85,2024-01-01,0
"Economic Support Fund (ESF)","USAID",NA,2002-01-01,117.72
"Economic Support Fund (ESF)","USAID",NA,2003-01-01,239.29
"Economic Support Fund (ESF)","USAID",NA,2004-01-01,906.97
"Economic Support Fund (ESF)","USAID",NA,2005-01-01,NA
"Economic Support Fund (ESF)","USAID",NA,2006-01-01,473.39
"Economic Support Fund (ESF)","USAID",NA,2007-01-01,NA
"Economic Support Fund (ESF)","USAID",NA,2008-01-01,NA
"Economic Support Fund (ESF)","USAID",NA,2009-01-01,NA
"Economic Support Fund (ESF)","USAID",NA,2010-01-01,NA
"Economic Support Fund (ESF)","USAID",NA,2011-01-01,NA
"Economic Support Fund (ESF)","USAID",NA,2012-01-01,NA
"Economic Support Fund (ESF)","USAID",NA,2013-01-01,NA
"Economic Support Fund (ESF)","USAID",NA,2014-01-01,907
"Economic Support Fund (ESF)","USAID",NA,2015-01-01,900
"Economic Support Fund (ESF)","USAID",NA,2016-01-01,633.27
"Economic Support Fund (ESF)","USAID",NA,2017-01-01,626.25
"Economic Support Fund (ESF)","USAID",NA,2018-01-01,336.97
"Economic Support Fund (ESF)","USAID",NA,2019-01-01,36.67
"Economic Support Fund (ESF)","USAID",NA,2020-01-01,0
"Economic Support Fund (ESF)","USAID",NA,2021-01-01,99.5
"Economic Support Fund (ESF)","USAID",NA,2022-01-01,122.88
"Economic Support Fund (ESF)","USAID",NA,2023-01-01,95
"Economic Support Fund (ESF)","USAID",NA,2024-01-01,0
"Global Health Programs (GHP)","USAID",615.17,2002-01-01,7.52
"Global Health Programs (GHP)","USAID",615.17,2003-01-01,49.68
"Global Health Programs (GHP)","USAID",615.17,2004-01-01,33.4
"Global Health Programs (GHP)","USAID",615.17,2005-01-01,38
"Global Health Programs (GHP)","USAID",615.17,2006-01-01,41.6
"Global Health Programs (GHP)","USAID",615.17,2007-01-01,100.77
"Global Health Programs (GHP)","USAID",615.17,2008-01-01,63.5
"Global Health Programs (GHP)","USAID",615.17,2009-01-01,58.23
"Global Health Programs (GHP)","USAID",615.17,2010-01-01,94.3
"Global Health Programs (GHP)","USAID",615.17,2011-01-01,73.2
"Global Health Programs (GHP)","USAID",615.17,2012-01-01,0
"Global Health Programs (GHP)","USAID",615.17,2013-01-01,0.25
"Global Health Programs (GHP)","USAID",615.17,2014-01-01,0.01
"Global Health Programs (GHP)","USAID",615.17,2015-01-01,0.06
"Global Health Programs (GHP)","USAID",615.17,2016-01-01,0.45
"Global Health Programs (GHP)","USAID",615.17,2017-01-01,0.02
"Global Health Programs (GHP)","USAID",615.17,2018-01-01,0.01
"Global Health Programs (GHP)","USAID",615.17,2019-01-01,0
"Global Health Programs (GHP)","USAID",615.17,2020-01-01,9.56
"Global Health Programs (GHP)","USAID",615.17,2021-01-01,17.6
"Global Health Programs (GHP)","USAID",615.17,2022-01-01,12
"Global Health Programs (GHP)","USAID",615.17,2023-01-01,15
"Global Health Programs (GHP)","USAID",615.17,2024-01-01,0
"Commodity Credit Corp (CCC)","USAID",37.93,2002-01-01,7.48
"Commodity Credit Corp (CCC)","USAID",37.93,2003-01-01,1.33
"Commodity Credit Corp (CCC)","USAID",37.93,2004-01-01,0
"Commodity Credit Corp (CCC)","USAID",37.93,2005-01-01,0
"Commodity Credit Corp (CCC)","USAID",37.93,2006-01-01,0
"Commodity Credit Corp (CCC)","USAID",37.93,2007-01-01,0
"Commodity Credit Corp (CCC)","USAID",37.93,2008-01-01,13.02
"Commodity Credit Corp (CCC)","USAID",37.93,2009-01-01,4.22
"Commodity Credit Corp (CCC)","USAID",37.93,2010-01-01,4.22
"Commodity Credit Corp (CCC)","USAID",37.93,2011-01-01,3.64
"Commodity Credit Corp (CCC)","USAID",37.93,2012-01-01,0.55
"Commodity Credit Corp (CCC)","USAID",37.93,2013-01-01,0
"Commodity Credit Corp (CCC)","USAID",37.93,2014-01-01,0
"Commodity Credit Corp (CCC)","USAID",37.93,2015-01-01,0
"Commodity Credit Corp (CCC)","USAID",37.93,2016-01-01,0
"Commodity Credit Corp (CCC)","USAID",37.93,2017-01-01,1.95
"Commodity Credit Corp (CCC)","USAID",37.93,2018-01-01,1.52
"Commodity Credit Corp (CCC)","USAID",37.93,2019-01-01,0
"Commodity Credit Corp (CCC)","USAID",37.93,2020-01-01,0
"Commodity Credit Corp (CCC)","USAID",37.93,2021-01-01,0
"Commodity Credit Corp (CCC)","USAID",37.93,2022-01-01,0
"Commodity Credit Corp (CCC)","USAID",37.93,2023-01-01,0
"Commodity Credit Corp (CCC)","USAID",37.93,2024-01-01,0
"USAID-Other (Other)","USAID",60.44,2002-01-01,0
"USAID-Other (Other)","USAID",60.44,2003-01-01,0.5
"USAID-Other (Other)","USAID",60.44,2004-01-01,5
"USAID-Other (Other)","USAID",60.44,2005-01-01,0
"USAID-Other (Other)","USAID",60.44,2006-01-01,0
"USAID-Other (Other)","USAID",60.44,2007-01-01,0
"USAID-Other (Other)","USAID",60.44,2008-01-01,21.96
"USAID-Other (Other)","USAID",60.44,2009-01-01,2.81
"USAID-Other (Other)","USAID",60.44,2010-01-01,4.9
"USAID-Other (Other)","USAID",60.44,2011-01-01,6.26
"USAID-Other (Other)","USAID",60.44,2012-01-01,9.22
"USAID-Other (Other)","USAID",60.44,2013-01-01,3.93
"USAID-Other (Other)","USAID",60.44,2014-01-01,1.52
"USAID-Other (Other)","USAID",60.44,2015-01-01,0.82
"USAID-Other (Other)","USAID",60.44,2016-01-01,2.91
"USAID-Other (Other)","USAID",60.44,2017-01-01,0.29
"USAID-Other (Other)","USAID",60.44,2018-01-01,0
"USAID-Other (Other)","USAID",60.44,2019-01-01,0
"USAID-Other (Other)","USAID",60.44,2020-01-01,0.34
"USAID-Other (Other)","USAID",60.44,2021-01-01,0
"USAID-Other (Other)","USAID",60.44,2022-01-01,0
"USAID-Other (Other)","USAID",60.44,2023-01-01,0
"USAID-Other (Other)","USAID",60.44,2024-01-01,0
"Non-Proliferation, Antiterrorism, Demining & Related Programs (NADR)","State",948.39,2002-01-01,44
"Non-Proliferation, Antiterrorism, Demining & Related Programs (NADR)","State",948.39,2003-01-01,34.7
"Non-Proliferation, Antiterrorism, Demining & Related Programs (NADR)","State",948.39,2004-01-01,66.9
"Non-Proliferation, Antiterrorism, Demining & Related Programs (NADR)","State",948.39,2005-01-01,40.65
"Non-Proliferation, Antiterrorism, Demining & Related Programs (NADR)","State",948.39,2006-01-01,35.72
"Non-Proliferation, Antiterrorism, Demining & Related Programs (NADR)","State",948.39,2007-01-01,36.72
"Non-Proliferation, Antiterrorism, Demining & Related Programs (NADR)","State",948.39,2008-01-01,29.72
"Non-Proliferation, Antiterrorism, Demining & Related Programs (NADR)","State",948.39,2009-01-01,59.92
"Non-Proliferation, Antiterrorism, Demining & Related Programs (NADR)","State",948.39,2010-01-01,70.74
"Non-Proliferation, Antiterrorism, Demining & Related Programs (NADR)","State",948.39,2011-01-01,69.3
"Non-Proliferation, Antiterrorism, Demining & Related Programs (NADR)","State",948.39,2012-01-01,65.32
"Non-Proliferation, Antiterrorism, Demining & Related Programs (NADR)","State",948.39,2013-01-01,52.6
"Non-Proliferation, Antiterrorism, Demining & Related Programs (NADR)","State",948.39,2014-01-01,43.2
"Non-Proliferation, Antiterrorism, Demining & Related Programs (NADR)","State",948.39,2015-01-01,43.5
"Non-Proliferation, Antiterrorism, Demining & Related Programs (NADR)","State",948.39,2016-01-01,37.96
"Non-Proliferation, Antiterrorism, Demining & Related Programs (NADR)","State",948.39,2017-01-01,37
"Non-Proliferation, Antiterrorism, Demining & Related Programs (NADR)","State",948.39,2018-01-01,36.6
"Non-Proliferation, Antiterrorism, Demining & Related Programs (NADR)","State",948.39,2019-01-01,38.76
"Non-Proliferation, Antiterrorism, Demining & Related Programs (NADR)","State",948.39,2020-01-01,39.28
"Non-Proliferation, Antiterrorism, Demining & Related Programs (NADR)","State",948.39,2021-01-01,45.8
"Non-Proliferation, Antiterrorism, Demining & Related Programs (NADR)","State",948.39,2022-01-01,15
"Non-Proliferation, Antiterrorism, Demining & Related Programs (NADR)","State",948.39,2023-01-01,5
"Non-Proliferation, Antiterrorism, Demining & Related Programs (NADR)","State",948.39,2024-01-01,0
"International Narcotics Control and Law Enforcement (INCLE)","State",5197.92,2002-01-01,66
"International Narcotics Control and Law Enforcement (INCLE)","State",5197.92,2003-01-01,0
"International Narcotics Control and Law Enforcement (INCLE)","State",5197.92,2004-01-01,220
"International Narcotics Control and Law Enforcement (INCLE)","State",5197.92,2005-01-01,709.28
"International Narcotics Control and Law Enforcement (INCLE)","State",5197.92,2006-01-01,232.65
"International Narcotics Control and Law Enforcement (INCLE)","State",5197.92,2007-01-01,251.74
"International Narcotics Control and Law Enforcement (INCLE)","State",5197.92,2008-01-01,307.57
"International Narcotics Control and Law Enforcement (INCLE)","State",5197.92,2009-01-01,493.9
"International Narcotics Control and Law Enforcement (INCLE)","State",5197.92,2010-01-01,589
"International Narcotics Control and Law Enforcement (INCLE)","State",5197.92,2011-01-01,400
"International Narcotics Control and Law Enforcement (INCLE)","State",5197.92,2012-01-01,358.75
"International Narcotics Control and Law Enforcement (INCLE)","State",5197.92,2013-01-01,593.81
"International Narcotics Control and Law Enforcement (INCLE)","State",5197.92,2014-01-01,225
"International Narcotics Control and Law Enforcement (INCLE)","State",5197.92,2015-01-01,250
"International Narcotics Control and Law Enforcement (INCLE)","State",5197.92,2016-01-01,168.06
"International Narcotics Control and Law Enforcement (INCLE)","State",5197.92,2017-01-01,114.58
"International Narcotics Control and Law Enforcement (INCLE)","State",5197.92,2018-01-01,64.58
"International Narcotics Control and Law Enforcement (INCLE)","State",5197.92,2019-01-01,33.38
"International Narcotics Control and Law Enforcement (INCLE)","State",5197.92,2020-01-01,36.92
"International Narcotics Control and Law Enforcement (INCLE)","State",5197.92,2021-01-01,71.58
"International Narcotics Control and Law Enforcement (INCLE)","State",5197.92,2022-01-01,6
"International Narcotics Control and Law Enforcement (INCLE)","State",5197.92,2023-01-01,4.23
"International Narcotics Control and Law Enforcement (INCLE)","State",5197.92,2024-01-01,0.9
"Human Rights and Democracy Fund (HRDF)","State",16.05,2002-01-01,0
"Human Rights and Democracy Fund (HRDF)","State",16.05,2003-01-01,0
"Human Rights and Democracy Fund (HRDF)","State",16.05,2004-01-01,0
"Human Rights and Democracy Fund (HRDF)","State",16.05,2005-01-01,0
"Human Rights and Democracy Fund (HRDF)","State",16.05,2006-01-01,0
"Human Rights and Democracy Fund (HRDF)","State",16.05,2007-01-01,0.71
"Human Rights and Democracy Fund (HRDF)","State",16.05,2008-01-01,1.3
"Human Rights and Democracy Fund (HRDF)","State",16.05,2009-01-01,1.18
"Human Rights and Democracy Fund (HRDF)","State",16.05,2010-01-01,0.99
"Human Rights and Democracy Fund (HRDF)","State",16.05,2011-01-01,0
"Human Rights and Democracy Fund (HRDF)","State",16.05,2012-01-01,1.98
"Human Rights and Democracy Fund (HRDF)","State",16.05,2013-01-01,1.63
"Human Rights and Democracy Fund (HRDF)","State",16.05,2014-01-01,0
"Human Rights and Democracy Fund (HRDF)","State",16.05,2015-01-01,0.99
"Human Rights and Democracy Fund (HRDF)","State",16.05,2016-01-01,0.76
"Human Rights and Democracy Fund (HRDF)","State",16.05,2017-01-01,0.25
"Human Rights and Democracy Fund (HRDF)","State",16.05,2018-01-01,0.99
"Human Rights and Democracy Fund (HRDF)","State",16.05,2019-01-01,0.74
"Human Rights and Democracy Fund (HRDF)","State",16.05,2020-01-01,0.99
"Human Rights and Democracy Fund (HRDF)","State",16.05,2021-01-01,1.97
"Human Rights and Democracy Fund (HRDF)","State",16.05,2022-01-01,0.07
"Human Rights and Democracy Fund (HRDF)","State",16.05,2023-01-01,1.5
"Human Rights and Democracy Fund (HRDF)","State",16.05,2024-01-01,0
"Educational and Cultural Exchange Programs (ECE)","State",115.13,2002-01-01,0.31
"Educational and Cultural Exchange Programs (ECE)","State",115.13,2003-01-01,1.95
"Educational and Cultural Exchange Programs (ECE)","State",115.13,2004-01-01,3.03
"Educational and Cultural Exchange Programs (ECE)","State",115.13,2005-01-01,4.99
"Educational and Cultural Exchange Programs (ECE)","State",115.13,2006-01-01,6.89
"Educational and Cultural Exchange Programs (ECE)","State",115.13,2007-01-01,6
"Educational and Cultural Exchange Programs (ECE)","State",115.13,2008-01-01,5.57
"Educational and Cultural Exchange Programs (ECE)","State",115.13,2009-01-01,7.86
"Educational and Cultural Exchange Programs (ECE)","State",115.13,2010-01-01,5.76
"Educational and Cultural Exchange Programs (ECE)","State",115.13,2011-01-01,6.45
"Educational and Cultural Exchange Programs (ECE)","State",115.13,2012-01-01,8.17
"Educational and Cultural Exchange Programs (ECE)","State",115.13,2013-01-01,2.46
"Educational and Cultural Exchange Programs (ECE)","State",115.13,2014-01-01,7.28
"Educational and Cultural Exchange Programs (ECE)","State",115.13,2015-01-01,3.95
"Educational and Cultural Exchange Programs (ECE)","State",115.13,2016-01-01,2.65
"Educational and Cultural Exchange Programs (ECE)","State",115.13,2017-01-01,2.39
"Educational and Cultural Exchange Programs (ECE)","State",115.13,2018-01-01,2.33
"Educational and Cultural Exchange Programs (ECE)","State",115.13,2019-01-01,8.16
"Educational and Cultural Exchange Programs (ECE)","State",115.13,2020-01-01,7.44
"Educational and Cultural Exchange Programs (ECE)","State",115.13,2021-01-01,7.6
"Educational and Cultural Exchange Programs (ECE)","State",115.13,2022-01-01,6.7
"Educational and Cultural Exchange Programs (ECE)","State",115.13,2023-01-01,5.8
"Educational and Cultural Exchange Programs (ECE)","State",115.13,2024-01-01,1.4
"Contributions to International Organizations (CIO)","State",611.61,2002-01-01,0
"Contributions to International Organizations (CIO)","State",611.61,2003-01-01,0
"Contributions to International Organizations (CIO)","State",611.61,2004-01-01,0
"Contributions to International Organizations (CIO)","State",611.61,2005-01-01,0
"Contributions to International Organizations (CIO)","State",611.61,2006-01-01,0
"Contributions to International Organizations (CIO)","State",611.61,2007-01-01,0
"Contributions to International Organizations (CIO)","State",611.61,2008-01-01,12.74
"Contributions to International Organizations (CIO)","State",611.61,2009-01-01,16.74
"Contributions to International Organizations (CIO)","State",611.61,2010-01-01,36.92
"Contributions to International Organizations (CIO)","State",611.61,2011-01-01,49.92
"Contributions to International Organizations (CIO)","State",611.61,2012-01-01,58.73
"Contributions to International Organizations (CIO)","State",611.61,2013-01-01,53.03
"Contributions to International Organizations (CIO)","State",611.61,2014-01-01,43.17
"Contributions to International Organizations (CIO)","State",611.61,2015-01-01,41.79
"Contributions to International Organizations (CIO)","State",611.61,2016-01-01,41.35
"Contributions to International Organizations (CIO)","State",611.61,2017-01-01,40.31
"Contributions to International Organizations (CIO)","State",611.61,2018-01-01,36.12
"Contributions to International Organizations (CIO)","State",611.61,2019-01-01,32.72
"Contributions to International Organizations (CIO)","State",611.61,2020-01-01,30.28
"Contributions to International Organizations (CIO)","State",611.61,2021-01-01,29.64
"Contributions to International Organizations (CIO)","State",611.61,2022-01-01,30.11
"Contributions to International Organizations (CIO)","State",611.61,2023-01-01,28.9
"Contributions to International Organizations (CIO)","State",611.61,2024-01-01,29.15
"U.S. Agency for Global Media (USAGM)","USAGM",396.42,2002-01-01,0
"U.S. Agency for Global Media (USAGM)","USAGM",396.42,2003-01-01,0
"U.S. Agency for Global Media (USAGM)","USAGM",396.42,2004-01-01,0
"U.S. Agency for Global Media (USAGM)","USAGM",396.42,2005-01-01,0
"U.S. Agency for Global Media (USAGM)","USAGM",396.42,2006-01-01,0
"U.S. Agency for Global Media (USAGM)","USAGM",396.42,2007-01-01,0
"U.S. Agency for Global Media (USAGM)","USAGM",396.42,2008-01-01,0
"U.S. Agency for Global Media (USAGM)","USAGM",396.42,2009-01-01,15.54
"U.S. Agency for Global Media (USAGM)","USAGM",396.42,2010-01-01,27.41
"U.S. Agency for Global Media (USAGM)","USAGM",396.42,2011-01-01,24.35
"U.S. Agency for Global Media (USAGM)","USAGM",396.42,2012-01-01,21.54
"U.S. Agency for Global Media (USAGM)","USAGM",396.42,2013-01-01,21.54
"U.S. Agency for Global Media (USAGM)","USAGM",396.42,2014-01-01,22.11
"U.S. Agency for Global Media (USAGM)","USAGM",396.42,2015-01-01,22.68
"U.S. Agency for Global Media (USAGM)","USAGM",396.42,2016-01-01,23.86
"U.S. Agency for Global Media (USAGM)","USAGM",396.42,2017-01-01,25.91
"U.S. Agency for Global Media (USAGM)","USAGM",396.42,2018-01-01,25.74
"U.S. Agency for Global Media (USAGM)","USAGM",396.42,2019-01-01,25.89
"U.S. Agency for Global Media (USAGM)","USAGM",396.42,2020-01-01,24.6
"U.S. Agency for Global Media (USAGM)","USAGM",396.42,2021-01-01,25.6
"U.S. Agency for Global Media (USAGM)","USAGM",396.42,2022-01-01,25
"U.S. Agency for Global Media (USAGM)","USAGM",396.42,2023-01-01,33.15
"U.S. Agency for Global Media (USAGM)","USAGM",396.42,2024-01-01,31.5
"Drug Enforcement Administration (DEA)","DOJ",290.8,2002-01-01,0.58
"Drug Enforcement Administration (DEA)","DOJ",290.8,2003-01-01,2.87
"Drug Enforcement Administration (DEA)","DOJ",290.8,2004-01-01,3.72
"Drug Enforcement Administration (DEA)","DOJ",290.8,2005-01-01,16.77
"Drug Enforcement Administration (DEA)","DOJ",290.8,2006-01-01,23.66
"Drug Enforcement Administration (DEA)","DOJ",290.8,2007-01-01,20.38
"Drug Enforcement Administration (DEA)","DOJ",290.8,2008-01-01,40.59
"Drug Enforcement Administration (DEA)","DOJ",290.8,2009-01-01,18.88
"Drug Enforcement Administration (DEA)","DOJ",290.8,2010-01-01,19.2
"Drug Enforcement Administration (DEA)","DOJ",290.8,2011-01-01,18.7
"Drug Enforcement Administration (DEA)","DOJ",290.8,2012-01-01,18.7
"Drug Enforcement Administration (DEA)","DOJ",290.8,2013-01-01,17
"Drug Enforcement Administration (DEA)","DOJ",290.8,2014-01-01,18.7
"Drug Enforcement Administration (DEA)","DOJ",290.8,2015-01-01,9.05
"Drug Enforcement Administration (DEA)","DOJ",290.8,2016-01-01,3.31
"Drug Enforcement Administration (DEA)","DOJ",290.8,2017-01-01,11.03
"Drug Enforcement Administration (DEA)","DOJ",290.8,2018-01-01,11.11
"Drug Enforcement Administration (DEA)","DOJ",290.8,2019-01-01,13.01
"Drug Enforcement Administration (DEA)","DOJ",290.8,2020-01-01,12.92
"Drug Enforcement Administration (DEA)","DOJ",290.8,2021-01-01,10.63
"Drug Enforcement Administration (DEA)","DOJ",290.8,2022-01-01,0
"Drug Enforcement Administration (DEA)","DOJ",290.8,2023-01-01,0
"Drug Enforcement Administration (DEA)","DOJ",290.8,2024-01-01,0
"Pub. L. No. 480 Title II","USAID",NA,2002-01-01,159.47
"Pub. L. No. 480 Title II","USAID",NA,2003-01-01,51.04
"Pub. L. No. 480 Title II","USAID",NA,2004-01-01,49.16
"Pub. L. No. 480 Title II","USAID",NA,2005-01-01,56.95
"Pub. L. No. 480 Title II","USAID",NA,2006-01-01,60.03
"Pub. L. No. 480 Title II","USAID",NA,2007-01-01,60
"Pub. L. No. 480 Title II","USAID",NA,2008-01-01,154.73
"Pub. L. No. 480 Title II","USAID",NA,2009-01-01,73.01
"Pub. L. No. 480 Title II","USAID",NA,2010-01-01,58.13
"Pub. L. No. 480 Title II","USAID",NA,2011-01-01,112.55
"Pub. L. No. 480 Title II","USAID",NA,2012-01-01,59.2
"Pub. L. No. 480 Title II","USAID",NA,2013-01-01,46.15
"Pub. L. No. 480 Title II","USAID",NA,2014-01-01,65.97
"Pub. L. No. 480 Title II","USAID",NA,2015-01-01,53.73
"Pub. L. No. 480 Title II","USAID",NA,2016-01-01,26.65
"Pub. L. No. 480 Title II","USAID",NA,2017-01-01,4.38
"Pub. L. No. 480 Title II","USAID",NA,2018-01-01,4.22
"Pub. L. No. 480 Title II","USAID",NA,2019-01-01,0
"Pub. L. No. 480 Title II","USAID",NA,2020-01-01,0
"Pub. L. No. 480 Title II","USAID",NA,2021-01-01,0
"Pub. L. No. 480 Title II","USAID",NA,2022-01-01,0
"Pub. L. No. 480 Title II","USAID",NA,2023-01-01,0
"Pub. L. No. 480 Title II","USAID",NA,2024-01-01,0
"International Disaster Assistance (IDA)","USAID",NA,2002-01-01,197.09
"International Disaster Assistance (IDA)","USAID",NA,2003-01-01,86.67
"International Disaster Assistance (IDA)","USAID",NA,2004-01-01,11.39
"International Disaster Assistance (IDA)","USAID",NA,2005-01-01,4.61
"International Disaster Assistance (IDA)","USAID",NA,2006-01-01,0.04
"International Disaster Assistance (IDA)","USAID",NA,2007-01-01,0.03
"International Disaster Assistance (IDA)","USAID",NA,2008-01-01,17.02
"International Disaster Assistance (IDA)","USAID",NA,2009-01-01,27.29
"International Disaster Assistance (IDA)","USAID",NA,2010-01-01,29.93
"International Disaster Assistance (IDA)","USAID",NA,2011-01-01,66.74
"International Disaster Assistance (IDA)","USAID",NA,2012-01-01,61.41
"International Disaster Assistance (IDA)","USAID",NA,2013-01-01,23.73
"International Disaster Assistance (IDA)","USAID",NA,2014-01-01,52.68
"International Disaster Assistance (IDA)","USAID",NA,2015-01-01,25.71
"International Disaster Assistance (IDA)","USAID",NA,2016-01-01,39.89
"International Disaster Assistance (IDA)","USAID",NA,2017-01-01,93.84
"International Disaster Assistance (IDA)","USAID",NA,2018-01-01,119.64
"International Disaster Assistance (IDA)","USAID",NA,2019-01-01,152.35
"International Disaster Assistance (IDA)","USAID",NA,2020-01-01,178.61
"International Disaster Assistance (IDA)","USAID",NA,2021-01-01,219.6
"International Disaster Assistance (IDA)","USAID",NA,2022-01-01,671.34
"International Disaster Assistance (IDA)","USAID",NA,2023-01-01,643.24
"International Disaster Assistance (IDA)","USAID",NA,2024-01-01,534.62
"Transition Initiatives (TI)","USAID",40.2,2002-01-01,9
"Transition Initiatives (TI)","USAID",40.2,2003-01-01,11.8
"Transition Initiatives (TI)","USAID",40.2,2004-01-01,11.22
"Transition Initiatives (TI)","USAID",40.2,2005-01-01,1.6
"Transition Initiatives (TI)","USAID",40.2,2006-01-01,0
"Transition Initiatives (TI)","USAID",40.2,2007-01-01,0
"Transition Initiatives (TI)","USAID",40.2,2008-01-01,0
"Transition Initiatives (TI)","USAID",40.2,2009-01-01,0.87
"Transition Initiatives (TI)","USAID",40.2,2010-01-01,1.3
"Transition Initiatives (TI)","USAID",40.2,2011-01-01,1.18
"Transition Initiatives (TI)","USAID",40.2,2012-01-01,0.73
"Transition Initiatives (TI)","USAID",40.2,2013-01-01,0.42
"Transition Initiatives (TI)","USAID",40.2,2014-01-01,1.37
"Transition Initiatives (TI)","USAID",40.2,2015-01-01,0.6
"Transition Initiatives (TI)","USAID",40.2,2016-01-01,0.05
"Transition Initiatives (TI)","USAID",40.2,2017-01-01,0
"Transition Initiatives (TI)","USAID",40.2,2018-01-01,0
"Transition Initiatives (TI)","USAID",40.2,2019-01-01,0
"Transition Initiatives (TI)","USAID",40.2,2020-01-01,0
"Transition Initiatives (TI)","USAID",40.2,2021-01-01,0.04
"Transition Initiatives (TI)","USAID",40.2,2022-01-01,0
"Transition Initiatives (TI)","USAID",40.2,2023-01-01,0
"Transition Initiatives (TI)","USAID",40.2,2024-01-01,0
"Migration and Refugee Assistance (MRA and ERMA)","State",NA,2002-01-01,160.8
"Migration and Refugee Assistance (MRA and ERMA)","State",NA,2003-01-01,63
"Migration and Refugee Assistance (MRA and ERMA)","State",NA,2004-01-01,67.1
"Migration and Refugee Assistance (MRA and ERMA)","State",NA,2005-01-01,47.1
"Migration and Refugee Assistance (MRA and ERMA)","State",NA,2006-01-01,41.8
"Migration and Refugee Assistance (MRA and ERMA)","State",NA,2007-01-01,54
"Migration and Refugee Assistance (MRA and ERMA)","State",NA,2008-01-01,44.25
"Migration and Refugee Assistance (MRA and ERMA)","State",NA,2009-01-01,86.99
"Migration and Refugee Assistance (MRA and ERMA)","State",NA,2010-01-01,81.48
"Migration and Refugee Assistance (MRA and ERMA)","State",NA,2011-01-01,65
"Migration and Refugee Assistance (MRA and ERMA)","State",NA,2012-01-01,99.56
"Migration and Refugee Assistance (MRA and ERMA)","State",NA,2013-01-01,76.07
"Migration and Refugee Assistance (MRA and ERMA)","State",NA,2014-01-01,107.89
"Migration and Refugee Assistance (MRA and ERMA)","State",NA,2015-01-01,129.27
"Migration and Refugee Assistance (MRA and ERMA)","State",NA,2016-01-01,84.27
"Migration and Refugee Assistance (MRA and ERMA)","State",NA,2017-01-01,89.24
"Migration and Refugee Assistance (MRA and ERMA)","State",NA,2018-01-01,77.19
"Migration and Refugee Assistance (MRA and ERMA)","State",NA,2019-01-01,86.69
"Migration and Refugee Assistance (MRA and ERMA)","State",NA,2020-01-01,150.41
"Migration and Refugee Assistance (MRA and ERMA)","State",NA,2021-01-01,176.63
"Migration and Refugee Assistance (MRA and ERMA)","State",NA,2022-01-01,406.35
"Migration and Refugee Assistance (MRA and ERMA)","State",NA,2023-01-01,12.97
"Migration and Refugee Assistance (MRA and ERMA)","State",NA,2024-01-01,161.76
"USDA Programs (Title I, §416(b), FFP, FFE, ET, and PRTA)                           USDA                   287.46                46.46                33.37                49.78              40.12                48.32                  9.47                42.15                17.79                        -                        -                         -                        -                        -                       -                         -                        -                        -                        -                        -                        -                         -                        -                        -","",NA,2002-01-01,NA
"USDA Programs (Title I, §416(b), FFP, FFE, ET, and PRTA)                           USDA                   287.46                46.46                33.37                49.78              40.12                48.32                  9.47                42.15                17.79                        -                        -                         -                        -                        -                       -                         -                        -                        -                        -                        -                        -                         -                        -                        -","",NA,2003-01-01,NA
"USDA Programs (Title I, §416(b), FFP, FFE, ET, and PRTA)                           USDA                   287.46                46.46                33.37                49.78              40.12                48.32                  9.47                42.15                17.79                        -                        -                         -                        -                        -                       -                         -                        -                        -                        -                        -                        -                         -                        -                        -","",NA,2004-01-01,NA
"USDA Programs (Title I, §416(b), FFP, FFE, ET, and PRTA)                           USDA                   287.46                46.46                33.37                49.78              40.12                48.32                  9.47                42.15                17.79                        -                        -                         -                        -                        -                       -                         -                        -                        -                        -                        -                        -                         -                        -                        -","",NA,2005-01-01,NA
"USDA Programs (Title I, §416(b), FFP, FFE, ET, and PRTA)                           USDA                   287.46                46.46                33.37                49.78              40.12                48.32                  9.47                42.15                17.79                        -                        -                         -                        -                        -                       -                         -                        -                        -                        -                        -                        -                         -                        -                        -","",NA,2006-01-01,NA
"USDA Programs (Title I, §416(b), FFP, FFE, ET, and PRTA)                           USDA                   287.46                46.46                33.37                49.78              40.12                48.32                  9.47                42.15                17.79                        -                        -                         -                        -                        -                       -                         -                        -                        -                        -                        -                        -                         -                        -                        -","",NA,2007-01-01,NA
"USDA Programs (Title I, §416(b), FFP, FFE, ET, and PRTA)                           USDA                   287.46                46.46                33.37                49.78              40.12                48.32                  9.47                42.15                17.79                        -                        -                         -                        -                        -                       -                         -                        -                        -                        -                        -                        -                         -                        -                        -","",NA,2008-01-01,NA
"USDA Programs (Title I, §416(b), FFP, FFE, ET, and PRTA)                           USDA                   287.46                46.46                33.37                49.78              40.12                48.32                  9.47                42.15                17.79                        -                        -                         -                        -                        -                       -                         -                        -                        -                        -                        -                        -                         -                        -                        -","",NA,2009-01-01,NA
"USDA Programs (Title I, §416(b), FFP, FFE, ET, and PRTA)                           USDA                   287.46                46.46                33.37                49.78              40.12                48.32                  9.47                42.15                17.79                        -                        -                         -                        -                        -                       -                         -                        -                        -                        -                        -                        -                         -                        -                        -","",NA,2010-01-01,NA
"USDA Programs (Title I, §416(b), FFP, FFE, ET, and PRTA)                           USDA                   287.46                46.46                33.37                49.78              40.12                48.32                  9.47                42.15                17.79                        -                        -                         -                        -                        -                       -                         -                        -                        -                        -                        -                        -                         -                        -                        -","",NA,2011-01-01,NA
"USDA Programs (Title I, §416(b), FFP, FFE, ET, and PRTA)                           USDA                   287.46                46.46                33.37                49.78              40.12                48.32                  9.47                42.15                17.79                        -                        -                         -                        -                        -                       -                         -                        -                        -                        -                        -                        -                         -                        -                        -","",NA,2012-01-01,NA
"USDA Programs (Title I, §416(b), FFP, FFE, ET, and PRTA)                           USDA                   287.46                46.46                33.37                49.78              40.12                48.32                  9.47                42.15                17.79                        -                        -                         -                        -                        -                       -                         -                        -                        -                        -                        -                        -                         -                        -                        -","",NA,2013-01-01,NA
"USDA Programs (Title I, §416(b), FFP, FFE, ET, and PRTA)                           USDA                   287.46                46.46                33.37                49.78              40.12                48.32                  9.47                42.15                17.79                        -                        -                         -                        -                        -                       -                         -                        -                        -                        -                        -                        -                         -                        -                        -","",NA,2014-01-01,NA
"USDA Programs (Title I, §416(b), FFP, FFE, ET, and PRTA)                           USDA                   287.46                46.46                33.37                49.78              40.12                48.32                  9.47                42.15                17.79                        -                        -                         -                        -                        -                       -                         -                        -                        -                        -                        -                        -                         -                        -                        -","",NA,2015-01-01,NA
"USDA Programs (Title I, §416(b), FFP, FFE, ET, and PRTA)                           USDA                   287.46                46.46                33.37                49.78              40.12                48.32                  9.47                42.15                17.79                        -                        -                         -                        -                        -                       -                         -                        -                        -                        -                        -                        -                         -                        -                        -","",NA,2016-01-01,NA
"USDA Programs (Title I, §416(b), FFP, FFE, ET, and PRTA)                           USDA                   287.46                46.46                33.37                49.78              40.12                48.32                  9.47                42.15                17.79                        -                        -                         -                        -                        -                       -                         -                        -                        -                        -                        -                        -                         -                        -                        -","",NA,2017-01-01,NA
"USDA Programs (Title I, §416(b), FFP, FFE, ET, and PRTA)                           USDA                   287.46                46.46                33.37                49.78              40.12                48.32                  9.47                42.15                17.79                        -                        -                         -                        -                        -                       -                         -                        -                        -                        -                        -                        -                         -                        -                        -","",NA,2018-01-01,NA
"USDA Programs (Title I, §416(b), FFP, FFE, ET, and PRTA)                           USDA                   287.46                46.46                33.37                49.78              40.12                48.32                  9.47                42.15                17.79                        -                        -                         -                        -                        -                       -                         -                        -                        -                        -                        -                        -                         -                        -                        -","",NA,2019-01-01,NA
"USDA Programs (Title I, §416(b), FFP, FFE, ET, and PRTA)                           USDA                   287.46                46.46                33.37                49.78              40.12                48.32                  9.47                42.15                17.79                        -                        -                         -                        -                        -                       -                         -                        -                        -                        -                        -                        -                         -                        -                        -","",NA,2020-01-01,NA
"USDA Programs (Title I, §416(b), FFP, FFE, ET, and PRTA)                           USDA                   287.46                46.46                33.37                49.78              40.12                48.32                  9.47                42.15                17.79                        -                        -                         -                        -                        -                       -                         -                        -                        -                        -                        -                        -                         -                        -                        -","",NA,2021-01-01,NA
"USDA Programs (Title I, §416(b), FFP, FFE, ET, and PRTA)                           USDA                   287.46                46.46                33.37                49.78              40.12                48.32                  9.47                42.15                17.79                        -                        -                         -                        -                        -                       -                         -                        -                        -                        -                        -                        -                         -                        -                        -","",NA,2022-01-01,NA
"USDA Programs (Title I, §416(b), FFP, FFE, ET, and PRTA)                           USDA                   287.46                46.46                33.37                49.78              40.12                48.32                  9.47                42.15                17.79                        -                        -                         -                        -                        -                       -                         -                        -                        -                        -                        -                        -                         -                        -                        -","",NA,2023-01-01,NA
"USDA Programs (Title I, §416(b), FFP, FFE, ET, and PRTA)                           USDA                   287.46                46.46                33.37                49.78              40.12                48.32                  9.47                42.15                17.79                        -                        -                         -                        -                        -                       -                         -                        -                        -                        -                        -                        -                         -                        -                        -","",NA,2024-01-01,NA
"USAID Operating Expenses (OE)","USAID",NA,2002-01-01,6.9
"USAID Operating Expenses (OE)","USAID",NA,2003-01-01,9.9
"USAID Operating Expenses (OE)","USAID",NA,2004-01-01,45.61
"USAID Operating Expenses (OE)","USAID",NA,2005-01-01,0.2
"USAID Operating Expenses (OE)","USAID",NA,2006-01-01,25.7
"USAID Operating Expenses (OE)","USAID",NA,2007-01-01,21.7
"USAID Operating Expenses (OE)","USAID",NA,2008-01-01,38.1
"USAID Operating Expenses (OE)","USAID",NA,2009-01-01,179.53
"USAID Operating Expenses (OE)","USAID",NA,2010-01-01,197.6
"USAID Operating Expenses (OE)","USAID",NA,2011-01-01,172.2
"USAID Operating Expenses (OE)","USAID",NA,2012-01-01,224.37
"USAID Operating Expenses (OE)","USAID",NA,2013-01-01,210.15
"USAID Operating Expenses (OE)","USAID",NA,2014-01-01,100.86
"USAID Operating Expenses (OE)","USAID",NA,2015-01-01,137
"USAID Operating Expenses (OE)","USAID",NA,2016-01-01,95.55
"USAID Operating Expenses (OE)","USAID",NA,2017-01-01,102.49
"USAID Operating Expenses (OE)","USAID",NA,2018-01-01,77.52
"USAID Operating Expenses (OE)","USAID",NA,2019-01-01,72.34
"USAID Operating Expenses (OE)","USAID",NA,2020-01-01,69.75
"USAID Operating Expenses (OE)","USAID",NA,2021-01-01,18.11
"USAID Operating Expenses (OE)","USAID",NA,2022-01-01,15.68
"USAID Operating Expenses (OE)","USAID",NA,2023-01-01,12.03
"USAID Operating Expenses (OE)","USAID",NA,2024-01-01,9.2
"USAID Office of Inspector General (USAID OIG)","USAID",52.62,2002-01-01,0
"USAID Office of Inspector General (USAID OIG)","USAID",52.62,2003-01-01,0
"USAID Office of Inspector General (USAID OIG)","USAID",52.62,2004-01-01,0
"USAID Office of Inspector General (USAID OIG)","USAID",52.62,2005-01-01,0
"USAID Office of Inspector General (USAID OIG)","USAID",52.62,2006-01-01,0
"USAID Office of Inspector General (USAID OIG)","USAID",52.62,2007-01-01,2.3
"USAID Office of Inspector General (USAID OIG)","USAID",52.62,2008-01-01,0.5
"USAID Office of Inspector General (USAID OIG)","USAID",52.62,2009-01-01,4.9
"USAID Office of Inspector General (USAID OIG)","USAID",52.62,2010-01-01,5.2
"USAID Office of Inspector General (USAID OIG)","USAID",52.62,2011-01-01,5.8
"USAID Office of Inspector General (USAID OIG)","USAID",52.62,2012-01-01,5.5
"USAID Office of Inspector General (USAID OIG)","USAID",52.62,2013-01-01,5.5
"USAID Office of Inspector General (USAID OIG)","USAID",52.62,2014-01-01,6.8
"USAID Office of Inspector General (USAID OIG)","USAID",52.62,2015-01-01,7.1
"USAID Office of Inspector General (USAID OIG)","USAID",52.62,2016-01-01,5.47
"USAID Office of Inspector General (USAID OIG)","USAID",52.62,2017-01-01,0.84
"USAID Office of Inspector General (USAID OIG)","USAID",52.62,2018-01-01,0.77
"USAID Office of Inspector General (USAID OIG)","USAID",52.62,2019-01-01,0.91
"USAID Office of Inspector General (USAID OIG)","USAID",52.62,2020-01-01,0.86
"USAID Office of Inspector General (USAID OIG)","USAID",52.62,2021-01-01,0.07
"USAID Office of Inspector General (USAID OIG)","USAID",52.62,2022-01-01,0.11
"USAID Office of Inspector General (USAID OIG)","USAID",52.62,2023-01-01,0
"USAID Office of Inspector General (USAID OIG)","USAID",52.62,2024-01-01,0
"State Office of Inspector General (State OIG)","State",48.86,2002-01-01,0
"State Office of Inspector General (State OIG)","State",48.86,2003-01-01,0
"State Office of Inspector General (State OIG)","State",48.86,2004-01-01,0
"State Office of Inspector General (State OIG)","State",48.86,2005-01-01,0
"State Office of Inspector General (State OIG)","State",48.86,2006-01-01,0
"State Office of Inspector General (State OIG)","State",48.86,2007-01-01,0.2
"State Office of Inspector General (State OIG)","State",48.86,2008-01-01,2.8
"State Office of Inspector General (State OIG)","State",48.86,2009-01-01,8.1
"State Office of Inspector General (State OIG)","State",48.86,2010-01-01,6.2
"State Office of Inspector General (State OIG)","State",48.86,2011-01-01,5.82
"State Office of Inspector General (State OIG)","State",48.86,2012-01-01,3.25
"State Office of Inspector General (State OIG)","State",48.86,2013-01-01,3.13
"State Office of Inspector General (State OIG)","State",48.86,2014-01-01,2.94
"State Office of Inspector General (State OIG)","State",48.86,2015-01-01,3.37
"State Office of Inspector General (State OIG)","State",48.86,2016-01-01,1.88
"State Office of Inspector General (State OIG)","State",48.86,2017-01-01,2.34
"State Office of Inspector General (State OIG)","State",48.86,2018-01-01,2.34
"State Office of Inspector General (State OIG)","State",48.86,2019-01-01,2.34
"State Office of Inspector General (State OIG)","State",48.86,2020-01-01,1.79
"State Office of Inspector General (State OIG)","State",48.86,2021-01-01,1.95
"State Office of Inspector General (State OIG)","State",48.86,2022-01-01,0.41
"State Office of Inspector General (State OIG)","State",48.86,2023-01-01,0
"State Office of Inspector General (State OIG)","State",48.86,2024-01-01,0
